ShopName,Item,Predicted_Quantity
Gampaha,4rever alo gel (S),1.12
Gampaha,4rever alo gel.l,1.01
Gampaha,4rever black head remove,8.09
Gampaha,4rever day cream,1.99
Gampaha,4rever eye cream,3.11
Gampaha,4rever foot cream,1.01
Gampaha,4rever gold body lotion (L),1.05
Gampaha,4rever gold f/w (L),1.86
Gampaha,4rever gold f/w (S),2.42
Gampaha,4rever kohoba kaha deep cleanser,2.04
Gampaha,4rever kohomba kaha face pack,1.51
Gampaha,4rever kohomba kaha moisturizer,3.43
Gampaha,4rever kohomba kaha scrub,2.01
Gampaha,4rever nail remove,9.65
Gampaha,4rever tea tree f/w (L),1.0
Gampaha,4rever tea tree f/w (S),1.97
Gampaha,4rever toner,6.19
Gampaha,4rever venivel body lotion (L),1.0
Gampaha,4rever venivel face wash (L),1.0
Gampaha,4rever venivel face wash (S),1.0
Gampaha,4rever vitamin E cream,1.12
Gampaha,4step brush -220,1.09
Gampaha,ADS banana powder,1.26
Gampaha,American pin lose,3.17
Gampaha,Amla (M),1.653333333333333
Gampaha,Amrin ice cool.l,1.05
Gampaha,Axe oil -3,7.25
Gampaha,Axe oil -5,5.82
Gampaha,Baby face,2.85
Gampaha,Back comb t&g,7.62
Gampaha,Bellose 5 minute  men 2,5.33
Gampaha,Bellose 5 minute colour women 1,36.29
Gampaha,Bellose 5 minute colour women 2,119.21
Gampaha,Bellose 5 minute men 1,3.38
Gampaha,Bellose ammonia free 2.0,3.33
Gampaha,Bellose ammonia free 3.0,3.31
Gampaha,Bellose ammonia free pack 2.0,2.26
Gampaha,Bellose black 1.0,6.84
Gampaha,Bellose black 2.0,29.07
Gampaha,Bellose black 3.0,7.6
Gampaha,Bellose black 4.0  pack,1.4
Gampaha,Bellose bleaching powder,22.68
Gampaha,Bellose color shampoo,1.89
Gampaha,Bellose curl shampoo,1.02
Gampaha,Bellose deo L.,3.45
Gampaha,Bellose fastion colour - 1450,11.94
Gampaha,Bellose intense repair shampoo,1.03
Gampaha,Bellose keratin shampoo,9.1
Gampaha,Bellose neutralizing cream,5.67
Gampaha,Bellose nutri protect conditioner,9.45
Gampaha,Bellose smooth conditioner,7.71
Gampaha,Bellose straight shampoo,9.85
Gampaha,Bellose straightener cream (L),8.52
Gampaha,Bellose super conditioner,4.34
Gampaha,Bellose waving lotion,2.67
Gampaha,Best styling powder,39.29
Gampaha,Bird sponch-200,5.64
Gampaha,Black night shaving foam,9.27
Gampaha,Carotone  dark sport cream -800,1.45
Gampaha,Carotone body lotion (L),8.09
Gampaha,Carotone face cream,19.71
Gampaha,Carotone serum,8.86
Gampaha,Cleaning sponch - 10,193.44
Gampaha,Comb set,5.31
Gampaha,Crape -350,21.99
Gampaha,Cutting comb t&g,12.57
Gampaha,DR.Rashel body lotion,4.28
Gampaha,DR.Rashel face wash,6.39
Gampaha,DR.Rashel white night cream,2.59
Gampaha,Dexe Hair Shampoo,2.12
Gampaha,Diy brush (L)-100,6.74
Gampaha,Do Do girl eye shadow-850,1.01
Gampaha,Donut bun (L) - 200,2.1175
Gampaha,Donut bun (M) - 150,5.7
Gampaha,Dr.rashel alo gel,5.38
Gampaha,Dreamron 5min colour pack - 1,1.44
Gampaha,Dreamron 5min colour pack - 2,2.3
Gampaha,Dreamron Black (S) - 3,1.02
Gampaha,Dreamron algae cleansing milk,3.38
Gampaha,Dreamron algae moisturizer,4.22
Gampaha,Dreamron algae mud pack,2.06
Gampaha,Dreamron algae pack,4.42
Gampaha,Dreamron algae scrub,3.84
Gampaha,Dreamron aloe conditioner (L),1.0
Gampaha,Dreamron aloe conditioner (S),1.98
Gampaha,Dreamron aloe shampoo (S),1.0
Gampaha,Dreamron black (S) - 2,3.38
Gampaha,Dreamron black 1.0,14.41
Gampaha,Dreamron black 2.0,12.14
Gampaha,Dreamron black 3.0,10.09
Gampaha,Dreamron bleacing powder,38.67
Gampaha,Dreamron coconut conditioner (L),1.0183333333333335
Gampaha,Dreamron coconut conditioner(S),1.01
Gampaha,Dreamron coconut shampoo (L),2.08
Gampaha,Dreamron coconut shampoo (S),1.0
Gampaha,Dreamron color shampo,2.1
Gampaha,Dreamron dandruff shampoo (S),1.0
Gampaha,Dreamron dio (L),1.37
Gampaha,Dreamron dio (S),3.52
Gampaha,Dreamron fashion colour - 1495,30.05
Gampaha,Dreamron hair therapy,4.23
Gampaha,Dreamron keratin conditioner,3.98
Gampaha,Dreamron keratin shampoo,5.52
Gampaha,Dreamron leave on conditioner (L),1.99
Gampaha,Dreamron leave on conditioner (S),3.12
Gampaha,Dreamron massage gel,6.98
Gampaha,Dreamron silicon (L),1.02
Gampaha,Dreamron silicon (M),1.01
Gampaha,Dreamron silicone (S),6.16
Gampaha,Dreamron straight conditioner,12.74
Gampaha,Dreamron straight shampoo,11.63
Gampaha,Dreamron toner,4.03
Gampaha,Dreamron treatment conditioner,1.95
Gampaha,Dreamron waving lotion (L),1.33
Gampaha,Dreamron waving lotion (S),7.07
Gampaha,E vitamin cup,12.15
Gampaha,E vitamin loos,56.61
Gampaha,Ear guard - 100,4.67
Gampaha,Eprun - 320,2.88
Gampaha,Eprun - 400,5.69
Gampaha,Evon argan face wash,1.02
Gampaha,Evon black 1.0,2.12
Gampaha,Evon black 2.0,10.21
Gampaha,Evon fastion colour - 1250,29.04
Gampaha,Evon strawberry scrub,4.53
Gampaha,Extacter -80,24.1
Gampaha,Eye brow pencil - 120,15.53
Gampaha,Eye brow pencil - 150,2.015
Gampaha,Eye brow pencil - 180,30.8
Gampaha,Fit me contour stick,2.662666666666667
Gampaha,Foot bath -8500,1.91
Gampaha,Fresh & white serum,8.7
Gampaha,Gelleme shaving foam (L),4.74
Gampaha,Gillette blade,2803.55
Gampaha,Glatt straight cream,9.06
Gampaha,Glatt straight pack,6.6
Gampaha,Gloves black,3.95
Gampaha,Gloves black loose,114.78
Gampaha,Gloves loose,49.96
Gampaha,Gluta white body lotion (L)-3500,2.87
Gampaha,Gluta white face cream S.-1400,7.98
Gampaha,Good look gel (M),2.25
Gampaha,Good look gel tube,1.78
Gampaha,Good look hair spray (L),1.46
Gampaha,Hair net loss,26.56
Gampaha,Handle with comb t & g-200,3.17
Gampaha,Haokali face mask,7.58
Gampaha,Hopes after shave (S),10.35
Gampaha,Hopes aftershave (L),31.3
Gampaha,Hopes bayrum (L),34.22
Gampaha,Hopes bayrum (S),7.91
Gampaha,Hopes hair tonic,8.46
Gampaha,Hopes ice cool,9.63
Gampaha,Hopes uluhal,9.24
Gampaha,Huda beauty primer - 1200,1.339054778554779
Gampaha,Intimate body lotion,1.9533333333333331
Gampaha,Jambo comb,3.67
Gampaha,Jambo comb XL-200,1.75
Gampaha,Junsui face wash (L),2.47
Gampaha,Kajal blu hevan - 150,3.96
Gampaha,Kejo wax (L) - Cold,3.36
Gampaha,Kejo wax (L) - Hot,5.92
Gampaha,Keytag - 100,1.0
Gampaha,Krylon no.02 powder,1.8
Gampaha,Krylon stick no.02,11.29
Gampaha,La fresh cleanser tub-1500,1.240114750445633
Gampaha,La fresh foot massage cream,1.1412778742417158
Gampaha,La fresh gel (L),3.82
Gampaha,La fresh gel (M),1.93
Gampaha,La fresh hair spray,5.31
Gampaha,Lareen eye shadow 45 colour-2200,1.12
Gampaha,Leilu hair spray,35.15
Gampaha,Lipstick pen - 250,4.69
Gampaha,Lucky sponch,19.26
Gampaha,Mac foundation cream - 1300,12.93
Gampaha,Make up brush - 300,1.13
Gampaha,Make up brush - 400,1.339054778554779
Gampaha,Make up brush - 500,1.0762513736263737
Gampaha,Make up sponch packet -300,3.62
Gampaha,Miss rose eye shadow-700,1.41
Gampaha,Nail art brush set,3.95
Gampaha,Nail file-100,1.045
Gampaha,Nail set pct - 120,2.3986666666666663
Gampaha,Nawarathna extra cool-100ml,2.7
Gampaha,Nawarathna indian -200ml,5.14
Gampaha,Nawarathna indian -50ml,2.51
Gampaha,Neck pepar,134.66
Gampaha,Nisa lovely gold cream,7.31
Gampaha,Olive 2in1 shampo (S),3.57
Gampaha,Onelsa wax (L) - Hot,4.6
Gampaha,Onelsa wax (S) - Hot,2.02
Gampaha,Pocket tishu,5.69
Gampaha,Ponds white beauty,1.6743571428571427
Gampaha,Qtex - 300,5.95
Gampaha,Qtex - 350,6.8
Gampaha,RK blade,3621.75
Gampaha,Roller brush - 450,1.499309523809524
Gampaha,Roller brush - 650,1.03
Gampaha,Roller brush Nano (L) - 1800,3.2
Gampaha,Roller brush Nano (M)- 1550,2.4
Gampaha,Roller brush nano (S)-1100,3.71
Gampaha,Roushan alo con (L)-800,8.08
Gampaha,Roushan scrub,1.0
Gampaha,Section clip - 450,3.14
Gampaha,Sent -300,17.76
Gampaha,Sent-1200,1.87
Gampaha,Shaving brush - 350,1.12
Gampaha,Shaving brush -320,1.0358333333333334
Gampaha,Shimona dio,1.54
Gampaha,Singer oil,10.87
Gampaha,Skin docter sun block-1200,1.99
Gampaha,Spinz BB cream (L),1.8850000000000002
Gampaha,Taft powder-2400,2.76
Gampaha,Tail comb,3.08
Gampaha,Tail comb t&g,10.74
Gampaha,Tishu - 140,135.34
Gampaha,Touch up-650,3.3
Gampaha,Towel - 400,17.26
Gampaha,Treet 1150 -  New,1690.75
Gampaha,Treet blade-1100,4378.6
Gampaha,Treet blue blade,4903.81
Gampaha,Tresemme hair spray,5.85
Gampaha,Trimp cesser -500,1.0
Gampaha,Ushas Highlighter,1.0
Gampaha,Vaseline tub L.-650,2.5175
Gampaha,Vatika hair cream,4.04
Gampaha,Vi-john shaving cream,8.1
Gampaha,Vidyuth blade,442.5
Gampaha,Viyana stick - 1750,1.65
Gampaha,Wahll clip  01 -220,1.0
Gampaha,Wella hair colour,5.72
Gampaha,Wokali gold mask tub-1100,1.3157976190476188
Gampaha,Wokali hair mask,1.1
Gampaha,YC face wash,3.51
Gampaha,ads eye liner gel-800,1.165
Gampaha,ads eye liner-500,1.0
Gampaha,ads kajal-100,3.13
Gampaha,ads stick,2.18
Gampaha,affro comb steel-150,1.0
Gampaha,affro comb-100,1.04
Gampaha,american pin L. loose-50,20.24
Gampaha,amins hena box,19.49
Gampaha,amins hena loos,18.82
Gampaha,amrin bayrum (L),2.0
Gampaha,amrin nail remove,4.96
Gampaha,amrin uluhal (L),2.69
Gampaha,anylady eye shadow-950,1.0987738095238098
Gampaha,argan oil conditioner-1500,3.463333333333334
Gampaha,argan oil shampo - 1500,2.0670634920634923
Gampaha,artskin blusher-650,1.387214285714286
Gampaha,back comb-120,1.01
Gampaha,banjara face pack-450,4.88
Gampaha,bath ball-350,1.02
Gampaha,bellose bayrum,25.26
Gampaha,bellose black 4.0,4.28
Gampaha,bellose bleaching powder (L),7.39
Gampaha,bellose conditioner 1l,4.76
Gampaha,bellose conditioner 500ml,6.67
Gampaha,bellose deo S.,3.46
Gampaha,bellose developer - 6%,17.23
Gampaha,bellose developer -12%,3.37
Gampaha,bellose developer 1l 12%,5.59
Gampaha,bellose developer 1l 6%,8.7
Gampaha,bellose developer 500ml 12%,7.16
Gampaha,bellose developer 500ml 6%,8.33
Gampaha,bellose hair mask,1.11
Gampaha,bellose keratin straight pack,5.76
Gampaha,bellose leave -on conditioner (L),1.97
Gampaha,bellose leave -on conditioner (M),1.12
Gampaha,bellose leave -on conditioner (S),1.04
Gampaha,bellose shampo 1l,7.74
Gampaha,bellose shampo 500ml,6.1
Gampaha,bellose silicone (M),4.41
Gampaha,bellose silicone (S),9.05
Gampaha,bellose straight 2 pack,34.13
Gampaha,bellose straight cream,7.49
Gampaha,bio glow scrub,1.7064285714285714
Gampaha,biocos cream,10.46
Gampaha,biocos serum,6.55
Gampaha,bird sponch-150,1.1
Gampaha,blade comb-300,1.4367857142857146
Gampaha,body lotion serum-450,1.23
Gampaha,carotone body lotion - (S),21.1
Gampaha,carotone body lotion.XL,6.34
Gampaha,carotone face wash,1.4911060606060607
Gampaha,cesser-1000,1.9916666666666663
Gampaha,chandani beauty cream,5.0
Gampaha,cleaning sponch-20,35.37
Gampaha,cobra red henna,1.11
Gampaha,colour cap lether-600,1.75
Gampaha,comb-100,1.04
Gampaha,cotton -420,8.62
Gampaha,cotton -500,3.45
Gampaha,cotton ball-380,1.94
Gampaha,cotton bud,1.37
Gampaha,crape-400,6.32
Gampaha,cuticle cream,1.19
Gampaha,cuticle cutter-750,1.7035
Gampaha,cutter -80,9.56
Gampaha,cutting comb -100,3.69
Gampaha,cutting dummy-2400,4.28
Gampaha,cutting dummy-3600,3.31
Gampaha,darma + beauty cream,4.57
Gampaha,darma + secum,1.57
Gampaha,delco shaving razer,2.25
Gampaha,delmon brush-900,1.9211904761904761
Gampaha,derma gold mask,1.02
Gampaha,derma pro  exfoliating scrub,9.18
Gampaha,derma pro  face massage cream,8.58
Gampaha,derma pro brightening face wash,7.22
Gampaha,derma pro charcoal mask,1.2
Gampaha,derma pro cleanser,11.39
Gampaha,derma pro jesmin toner,7.52
Gampaha,derma pro orange mask,9.13
Gampaha,derma pro scrubing jel,2.1633333333333336
Gampaha,derma pro sebum face wash,3.38
Gampaha,derma pro vitamin E cream,1.01
Gampaha,diy bowl-160,4.33
Gampaha,diy bowl-180,7.84
Gampaha,diy brush (S)-80,6.16
Gampaha,diy brush with comb (L)-100,9.19
Gampaha,diy brush with comb (S)-120,7.13
Gampaha,dmg eye liner-300,7.26
Gampaha,do do girl blusher-500,4.07
Gampaha,dove shampo.l,1.339054778554779
Gampaha,dr.rashel black mask-1200,1.339054778554779
Gampaha,dr.rashel gold whitning cream,3.78
Gampaha,dr.rashel vit.c gel.l-1000,10.16
Gampaha,dr.rashel vitamin c day cream,1.9733333333333332
Gampaha,dr.rashel vitamin c night cream,5.086666666666666
Gampaha,dr.rashel vitamin c. face serum,6.56
Gampaha,dr.rashel whitening day cream,1.01
Gampaha,dr.rashel whitening serum,1.015
Gampaha,dreamron 5 mint.cream 1.0,1.4328333333333336
Gampaha,dreamron 5 mint.cream 2.0,3.31
Gampaha,dreamron 5mint hena- 22g,1.22
Gampaha,dreamron amonia free colour - 1,3.64
Gampaha,dreamron black (S)-1,1.1
Gampaha,dreamron black hena tin,1.5248333333333333
Gampaha,dreamron conditioner .1l,1.33
Gampaha,dreamron developer  -12%,11.51
Gampaha,dreamron developer -6%,19.13
Gampaha,dreamron developer -9%,2.02
Gampaha,dreamron developer 1l 12%,3.99
Gampaha,dreamron developer 1l 6%,1.4978333333333336
Gampaha,dreamron developer 6% -(m),2.17
Gampaha,dreamron gold kit,1.11
Gampaha,dreamron henna powder -150g,1.0
Gampaha,dreamron premium hena tin -22g,5.24
Gampaha,dreamron shampo 1l,2.27
Gampaha,dreamron straight pack,23.49
Gampaha,dreamron treatment conditioner (L),1.625
Gampaha,dulhan eye liner-220,4.29
Gampaha,dulhan maskara-200,10.25
Gampaha,dust brush black-380,1.1
Gampaha,edge cutter-350,1.24
Gampaha,end paper-280,1.19
Gampaha,end paper-300,4.91
Gampaha,eprun-350,1.03
Gampaha,eprun-380,8.78
Gampaha,even tone,2.48
Gampaha,evon anti acne face wash,3.06
Gampaha,evon black 3.0,6.56
Gampaha,evon bleaching powder,10.47
Gampaha,evon carrot face wash,3.05
Gampaha,evon cleanser,2.34
Gampaha,evon cleanser (L),2.94
Gampaha,evon cucumber cleanser,11.63
Gampaha,evon cucumber eskinol,1.03
Gampaha,evon cucumber face wash,2.48
Gampaha,evon cucumber scrub,7.3
Gampaha,evon cucumber toner,1.89
Gampaha,evon facial scrub,2.0566666666666666
Gampaha,evon gold face wash,3.7
Gampaha,evon hair tonic,5.96
Gampaha,evon lemon eskinol,1.02
Gampaha,evon massage cream,2.25
Gampaha,evon moisturizer,1.0
Gampaha,evon normal / dry pack,1.04
Gampaha,evon papaya eskinol,1.02
Gampaha,evon rose toner,6.68
Gampaha,evon strait pack,7.66
Gampaha,evon vitamin c cleanser,8.19
Gampaha,eye brow cesser-140,1.04
Gampaha,eye brow cesser-200,1.03
Gampaha,eye lash 3D-230,22.9
Gampaha,eye lash curler,1.17
Gampaha,eye lash glue birthday-250,5.41
Gampaha,eye lash-100,12.05
Gampaha,eye liner kajal-120,1.92
Gampaha,eye pad-300,14.11
Gampaha,eye shadow stick-300,1.08
Gampaha,eye shadow-1100,1.71
Gampaha,fa dio .L,1.1
Gampaha,facial ball-550,4.21
Gampaha,facial sponch -100,9.19
Gampaha,fair&lovely cream,2.28
Gampaha,faiza gold cream,1.45
Gampaha,fem gold-25,2.23
Gampaha,fem gold-3,1.4
Gampaha,fem gold-8,1.06
Gampaha,fem saffron -1use,1.76
Gampaha,fem saffron-40use,1.31
Gampaha,finishing brush,1.6924047619047615
Gampaha,fogg body spray,3.96
Gampaha,foil paper-530,2.38
Gampaha,foil-500,2.64
Gampaha,foil-550,2.12
Gampaha,foot file- 350,1.25
Gampaha,french white cream,2.82
Gampaha,french white gold cream,1.63
Gampaha,fresh & white body lotion,3.67
Gampaha,fresh & white cream,58.34
Gampaha,fresh &white face wash,1.9
Gampaha,frozen collegen,2.85
Gampaha,gatsby wax,3.64
Gampaha,gloves packet - 250,2.28
Gampaha,gluta white face cream L.-2200,3.56
Gampaha,golden life beauty,5.12
Gampaha,golden perl cream,1.19
Gampaha,goree beauty cream,11.0
Gampaha,hair colour spray,1.11
Gampaha,hair grips  loss - 50,1.665
Gampaha,hair grips (S) lose,130.59
Gampaha,hair grips .l box,1.07
Gampaha,hair grips .l loss,30.18
Gampaha,hair grips .s box,2.895833333333334
Gampaha,hair iron mac - 5516,2.24
Gampaha,hair net .L loss,21.25
Gampaha,hair net L.-600,2.45
Gampaha,hair pin 2 loss,16.19
Gampaha,hair pin 3 box,3.09
Gampaha,hair pin 3 loss,23.78
Gampaha,hand mirror-1000,3.036666666666666
Gampaha,handle comb-100,2.23
Gampaha,handle comb-120,1.0
Gampaha,head band,4.57
Gampaha,head band-180,9.28
Gampaha,hopes powder (L),1.87
Gampaha,hopes shaving gel (L),1.13
Gampaha,hopes shaving gel-450,10.94
Gampaha,huda beauty eye shadow-950,1.4169999999999998
Gampaha,huda beauty lavender gel-900,1.02
Gampaha,huda beauty transluscent powder-500,5.85
Gampaha,huda eye shadow-8 colour-650,1.0
Gampaha,hudabeauty glitter,1.0871428571428572
Gampaha,hudavioji liquid blusher-700,1.01
Gampaha,iman noble concealer-800,2.68
Gampaha,invisible pin box,1.06
Gampaha,invisible pin-180,1.17
Gampaha,j oil-11ml,4.93
Gampaha,jaguar cesser-2000,3.23
Gampaha,jelly mask  bottle,1.47
Gampaha,jelly salt packet,1.383333333333333
Gampaha,jordana eye liner-300,2.8062857142857136
Gampaha,jovees apricot &  almond scrub,3.27
Gampaha,jovees citrus clanser (s),7.04
Gampaha,jovees fruit pack,3.13
Gampaha,jovees glow pack,2.24
Gampaha,jovees gold kit (L),2.08
Gampaha,jovees grape face wash,1.3311111111111111
Gampaha,jovees neem face wash,1.1455
Gampaha,jovees rose toner,3.87
Gampaha,jovees strawberry face wash,3.7
Gampaha,jovees tea tree face wash,2.03
Gampaha,jungle fever hair colour,1.3575
Gampaha,kaiws black,3.46
Gampaha,kaiws colour,18.89
Gampaha,kejo wax (S) - Cold,3.15
Gampaha,keune black  1 / 3,11.82
Gampaha,keune developer -6%,7.4
Gampaha,keune developer-9%,1.0
Gampaha,keune straight cream,5.57
Gampaha,kojic soap,9.0
Gampaha,kosmik pancake -1530,3.12
Gampaha,krish powder-320,1.12
Gampaha,krylon pancake no. 02,4.39
Gampaha,krylon pancake-6500,2.62
Gampaha,krylon stick-7500,1.0
Gampaha,la fresh body lotion-1500,1.4525
Gampaha,la fresh body lotion-950,1.1355000000000002
Gampaha,la fresh gold mask-1900,2.14
Gampaha,la fresh gold scrub,10.26
Gampaha,la fresh mousse-1200,7.11
Gampaha,la fresh saffron mask-1900,2.39
Gampaha,lady razer-100,1.46
Gampaha,lakme kajal-350,6.08
Gampaha,lanis colour,6.14
Gampaha,laniss black2.0,114.8
Gampaha,link  hair care,10.78
Gampaha,link akalapalitha oil,1.0
Gampaha,lip brush set - 250,2.1889523809523808
Gampaha,lip gloss-350,5.55
Gampaha,lip gloss-400,1.4936666666666667
Gampaha,lip gloss-420,3.85
Gampaha,lip gloss-450,7.36
Gampaha,lip liner -180,15.29
Gampaha,lip liner-120,8.78
Gampaha,lip liner-140,2.39
Gampaha,lipstick - 350,4.84
Gampaha,lipstick - 450,1.97
Gampaha,lipstick pen-220,5.17
Gampaha,lipstick pen-320,1.26
Gampaha,lipstick-220,17.48
Gampaha,lipstick-300,10.52
Gampaha,mac cliper-5835,1.195
Gampaha,mac hair dryer-mc6690,1.25
Gampaha,mac hair iron-2028,2.14
Gampaha,mac trimp iron-mc5501,2.15
Gampaha,magic lipstick,3.89
Gampaha,magic sponch,37.8
Gampaha,magic sponch loos,4.92
Gampaha,make up brush set-1100,1.0185
Gampaha,make up brush set-450,1.5
Gampaha,make up brush set-550,1.01
Gampaha,make up brush set-750,1.8650000000000002
Gampaha,make up brush-150,1.8133333333333335
Gampaha,make up brush-250,3.02
Gampaha,make up set-1100,3.21
Gampaha,make up sponch 4,2.55
Gampaha,makeup mix palett,2.23
Gampaha,manicure set-1700,1.0266666666666666
Gampaha,marathondhi-150,1.03
Gampaha,maskara - 480,1.17
Gampaha,maskara -400,7.45
Gampaha,melacare-1200,4.54
Gampaha,mifi pancack,3.97
Gampaha,miss kaliya concealer-500,2.79
Gampaha,miss rose Eye liner  - 400,9.29
Gampaha,nail buffer -220,2.15
Gampaha,nail buffer-160,3.23
Gampaha,nail dummy,1.17
Gampaha,nail dust,1.87
Gampaha,nail glue-120,2.77
Gampaha,nail glue-200,8.56
Gampaha,nail pusher-100,3.49
Gampaha,nail remove tissue,4.24
Gampaha,nail set box-350,10.28
Gampaha,nany shaving gel-420,12.22
Gampaha,newey safty pin loss,2.34
Gampaha,newses shaving gel-450,8.07
Gampaha,newses shaving gel-900,5.07
Gampaha,nivea lip balm-400,1.7333333333333332
Gampaha,noor beauty cream,3.65
Gampaha,noor gold cream,2.58
Gampaha,nova hair spray.L,1.815
Gampaha,o.p.i emmory board,6.14
Gampaha,olay cream,1.98
Gampaha,olifair beauty cream,1.98
Gampaha,olive  2in1 shampoo,7.59
Gampaha,olive conditioner (L),1.8738095238095238
Gampaha,olive hair mask-1300,2.38
Gampaha,olive hair treatment,7.39
Gampaha,olive oil-850,1.69
Gampaha,olive shampoo (L),4.07
Gampaha,onelsa nail remove (L),3.23
Gampaha,onelsa wax (L) - Cold,4.14
Gampaha,onelsa wax (M) - Cold,5.18
Gampaha,onelsa wax (M) - Hot,1.0833333333333333
Gampaha,onelsa wax (S) - Cold,7.08
Gampaha,orange stick-300,2.61
Gampaha,orange stick-80,2.16
Gampaha,ordinary -2300,1.03
Gampaha,pack brush - 200,5.26
Gampaha,pack brush with spaculer-380,2.16
Gampaha,papaya soap,6.3
Gampaha,pedicure cutter-300,1.83
Gampaha,peumic stone-300,2.1734999999999998
Gampaha,point cesser-150,6.72
Gampaha,ponds BB -1100,2.23
Gampaha,ponds bb cream .S,1.6
Gampaha,powder brush-450,1.61
Gampaha,powder puff - 100,9.59
Gampaha,qtex-130,25.17
Gampaha,qtex-150,9.35
Gampaha,qtex-250,2.19
Gampaha,qtex-280,4.57
Gampaha,qtex-370,7.13
Gampaha,roller brush wood -450,2.88
Gampaha,roller brush wooden-580,1.09
Gampaha,romantic bird eye liner-350,7.52
Gampaha,romantic colour highlighter-450,3.5934761904761903
Gampaha,rose water (S),1.0
Gampaha,roushan alo gel con (S),3.18
Gampaha,roushan alo gel tub-750,7.52
Gampaha,roushan body lotion-1000,2.71
Gampaha,roushan body lotion-1100,1.015
Gampaha,roushan sun block-spf(40)-1100,1.9733333333333332
Gampaha,ruber band,1.86
Gampaha,s oil-10ml,1.66
Gampaha,scru lip cream,3.4
Gampaha,scrub sponch double-160,1.0
Gampaha,section clip crocodile-400,5.51
Gampaha,section clip crocodile-450,8.66
Gampaha,section clip-500,3.13
Gampaha,section clip-T&G-400,1.47
Gampaha,sent-1400,1.3791666666666669
Gampaha,shaving razer - 500,1.95
Gampaha,shaving razer-850,1.0
Gampaha,sheesha beauty cream,1.9
Gampaha,shello fairness b/l  ( S),1.16
Gampaha,shello moisturizer (S),1.0
Gampaha,shello vitamin e body lotion (L),1.14
Gampaha,shello vitamin e body lotion -(S),1.0
Gampaha,shower cap - 180,2.43
Gampaha,shower cap-160,7.79
Gampaha,skin docter goat milk cream,1.2058333333333335
Gampaha,skin docter hair serum,1.005
Gampaha,skin doctor face serum,13.96
Gampaha,skin light-1200,10.5
Gampaha,skin shine cream,8.2
Gampaha,spa salt,1.55
Gampaha,spaculer-6,11.69
Gampaha,spetiula,17.2
Gampaha,spidle rod-07,5.78
Gampaha,spidle rod-08,3.85
Gampaha,spray bottle (S)-180,4.41
Gampaha,spray bottle-(L)-200,3.46
Gampaha,style comb-100,2.52
Gampaha,style dummy-5200,3.08
Gampaha,sun safty pin box,1.0133333333333334
Gampaha,sun safty pin loss,67.08
Gampaha,suoke hair clipper-302/303,1.17
Gampaha,super inter iron,2.03
Gampaha,super white cream,17.14
Gampaha,suryamuki pack,5.31
Gampaha,taft powder-2600,1.15
Gampaha,terminator comb,2.0
Gampaha,tinkle raser-140,31.65
Gampaha,tishu box mint,5.45
Gampaha,tony&guy cesser-2300,1.155
Gampaha,towel-450,3.4785454545454546
Gampaha,treding trade - 260,16.38
Gampaha,tresemme shampo-1800,3.21
Gampaha,tweser - 200,3.58
Gampaha,tweser gold-150,5.43
Gampaha,tweser-220,1.11
Gampaha,tweser-80,8.86
Gampaha,u.s.a soap,3.83
Gampaha,ujooba cream,22.35
Gampaha,vaseline body lotion -500,2.83
Gampaha,vaseline body lotion-1800,1.1433333333333333
Gampaha,vaseline lip blam,7.83
Gampaha,vaseline tub.m-400,1.045
Gampaha,vatika hair oil-1300,1.35
Gampaha,vatika shampo-1550,5.53
Gampaha,veet hair remove cream,3.5934761904761903
Gampaha,velvet body lotion,2.55
Gampaha,vi-john beauty cream,3.25
Gampaha,vicco turmeric cream,1.0426785714285713
Gampaha,vitamin c capsule-1700,3.68
Gampaha,viyana compact powder,8.83
Gampaha,viyana nail remove.L,1.95
Gampaha,viyana nail remove.S,2.07
Gampaha,wahl clip 3/4,1.24
Gampaha,wahl machine blde-5200,3.45
Gampaha,wahl machine super taper,3.6
Gampaha,wahll clip 02 - 220,1.09
Gampaha,wax bean pkt-450,2.79
Gampaha,wax strip. l-450,1.12
Gampaha,wax stripe-320,14.97
Gampaha,wet tishu-160,2.6033333333333335
Gampaha,white kajal-220,1.1211666666666666
Gampaha,white secret body lotion (S)-1700,3.76
Gampaha,white tone face cream,2.35
Gampaha,wild olive colour-950,4.42
Gampaha,wokali gold mask-750,1.03
Gampaha,wokali wax,24.17
Gampaha,yc gold face wash,1.8
Gampaha,yellow comb,2.98
Nittambuwa,3 in 1 comb T&G -150,1.02
Nittambuwa,4rever alo gel S,2.53
Nittambuwa,4rever aloe vera skin toner,1.14
Nittambuwa,4rever black head remove,1.12
Nittambuwa,4rever body wash,1.0
Nittambuwa,4rever foot cream,1.08
Nittambuwa,4rever gold fairness  day cream(L),1.09
Nittambuwa,4rever gold fairness night cream,1.26
Nittambuwa,4rever gold moisturzing  body milk (L),1.03
Nittambuwa,4rever kohoba kaha skin toner,5.14
Nittambuwa,4rever kohomba kaha deep cleansing milk,1.74
Nittambuwa,4rever kohomba kaha moisturizer,1.95
Nittambuwa,4rever kohomba kaha scrub,1.81
Nittambuwa,4rever kohomba kaha whiting f/w (L),1.0
Nittambuwa,4rever nail remove,1.24
Nittambuwa,4rever rose f/w L,1.13
Nittambuwa,4rever sun cream (S),1.17
Nittambuwa,4rever under eye gel,2.69
Nittambuwa,4rever venivel whiting face wash (S),1.9
Nittambuwa,Acetone nail remove - 1200,1.238
Nittambuwa,Acrylic powder start kit - 3600,2.63
Nittambuwa,Ads kajal,3.96
Nittambuwa,Amla  cool hair oil - 620,1.02
Nittambuwa,Amrin hair tonic,1.59
Nittambuwa,Axe oil -3,6.88
Nittambuwa,Axe oil -5,9.66
Nittambuwa,BMI menicure set - 1500,1.55
Nittambuwa,Back comb t&g,6.41
Nittambuwa,Bellose 5 min men 1.0(S),38.74
Nittambuwa,Bellose ammonia free  pack 2.0,1.0
Nittambuwa,Bellose ammonia free 2.0,1.8425
Nittambuwa,Bellose black 1.0,10.3
Nittambuwa,Bellose black 2.0,9.75
Nittambuwa,Bellose black 3.0,3.84
Nittambuwa,Bellose bleaching powder,16.49
Nittambuwa,Bellose color shampoo,2.89
Nittambuwa,Bellose keratin shampoo,5.59
Nittambuwa,Bellose neutralizing cream,5.56
Nittambuwa,Bellose nutri protect conditioner,6.85
Nittambuwa,Bellose perfect straight shampoo,8.97
Nittambuwa,Bellose silicone (L),2.0
Nittambuwa,Bellose smooth conditioner,2.35
Nittambuwa,Bellose straightener cream (L),7.1
Nittambuwa,Bellose super conditioner,6.23
Nittambuwa,Bellose waving lotion,1.56
Nittambuwa,Bio glow body lotion,1.95
Nittambuwa,Bird sponch - 200,8.26
Nittambuwa,Cleaning sponch,204.92
Nittambuwa,Comb set - 350,10.54
Nittambuwa,Crape-400,7.35
Nittambuwa,Cutting comb t&g -120,4.94
Nittambuwa,DMG  eye liner- 300,5.94
Nittambuwa,DS flower lens -2500,1.01
Nittambuwa,Delco shaving razer-600,1.91
Nittambuwa,Diffusor samye -900,3.06
Nittambuwa,Diy brush -100,1.01
Nittambuwa,Diy brush with comb L - 100,14.98
Nittambuwa,Donut bun  S- 120,1.935
Nittambuwa,Donut bun - 200,1.73
Nittambuwa,Donut bun M - 150,3.965
Nittambuwa,Dreamron algae cleansing milk,3.82
Nittambuwa,Dreamron algae facial pack,2.2
Nittambuwa,Dreamron algae massage gel,1.19
Nittambuwa,Dreamron algae moisturizer lotion,1.05
Nittambuwa,Dreamron algae mud pack,1.02
Nittambuwa,Dreamron algae scrub,3.16
Nittambuwa,Dreamron algae toner,1.9
Nittambuwa,Dreamron aloe conditioner (L),5.64
Nittambuwa,Dreamron aloe shampoo(L),2.1
Nittambuwa,Dreamron black 1.0,9.51
Nittambuwa,Dreamron black 1.0 (S),2.105
Nittambuwa,Dreamron black 2.0,11.21
Nittambuwa,Dreamron black 3.0,8.55
Nittambuwa,Dreamron bleacing powder,42.88
Nittambuwa,Dreamron coconut conditioner (L),3.05
Nittambuwa,Dreamron coconut conditioner(S),3.62
Nittambuwa,Dreamron coconut shampoo (L),4.73
Nittambuwa,Dreamron coconut shampoo (S),4.34
Nittambuwa,Dreamron colour shampo,1.9516666666666669
Nittambuwa,Dreamron curl shampoo,2.86
Nittambuwa,Dreamron dandruff shampoo (L),1.17
Nittambuwa,Dreamron fashion colour-1495,17.57
Nittambuwa,Dreamron hair spa,1.02
Nittambuwa,Dreamron hair therapy,1.68
Nittambuwa,Dreamron keratin conditioner,1.5491666666666666
Nittambuwa,Dreamron keratin shampoo,1.5491666666666666
Nittambuwa,Dreamron leave on conditioner (S),4.0
Nittambuwa,Dreamron silicon (M),1.02
Nittambuwa,Dreamron silicone (S),3.96
Nittambuwa,Dreamron straight conditioner,12.42
Nittambuwa,Dreamron straight shampoo,11.91
Nittambuwa,Dreamron waving lotion (L),2.91
Nittambuwa,Dreamron waving lotion (S),8.71
Nittambuwa,E vitamin cup,8.24
Nittambuwa,E vitamin loos -20,63.28
Nittambuwa,Edge nail cutter - 350,3.66
Nittambuwa,Evon sunflowe scrub.L,4.34
Nittambuwa,Extacter - 80,13.5
Nittambuwa,Eya gard -100,6.41
Nittambuwa,Eye brow pencil-120,26.35
Nittambuwa,Facial boll set - 550,1.41
Nittambuwa,Foot bath massanger - 8500,1.75
Nittambuwa,Gillette blade,4521.46
Nittambuwa,Glatt straight box,7.23
Nittambuwa,Glatt straight pack,4.05
Nittambuwa,Gloves black box -1700,3.86
Nittambuwa,Gloves black loose,112.91
Nittambuwa,Good look gel  (S),2.23
Nittambuwa,Good look gel (L),1.16
Nittambuwa,Good look gel (M),3.34
Nittambuwa,Good look gel (SS),3.83
Nittambuwa,Good look hair spray (L),1.42
Nittambuwa,Hair net blue (m) -550,11.78
Nittambuwa,Hair net loss,17.02
Nittambuwa,Hopes after shave (S),6.35
Nittambuwa,Hopes aftershave (L),54.32
Nittambuwa,Hopes bayrum (L),65.12
Nittambuwa,Hopes bayrum (S),1.06
Nittambuwa,Hopes ice cool,37.7
Nittambuwa,Hopes uluhal,28.8
Nittambuwa,Intimate body lotion -1200,2.86
Nittambuwa,J oil -11ml,6.22
Nittambuwa,J oil-3ml,1.0
Nittambuwa,Jambo comb .xL,1.15
Nittambuwa,Jel mask powder bottle - 3000,7.3
Nittambuwa,Keune keratin  strait pack - strong,2.35
Nittambuwa,La fresh gel   (L),2.75
Nittambuwa,La fresh gel  (M),4.72
Nittambuwa,Leilu hair spray,51.34
Nittambuwa,Lipstick -450,1.9899999999999998
Nittambuwa,Lipstick pen - 300,17.46
Nittambuwa,Lucky sponch,14.29
Nittambuwa,Miss rose  eye shadow - 2200,1.17
Nittambuwa,Nail file weiwei (s)-120,1.0
Nittambuwa,Nail set box - 500,1.01
Nittambuwa,Nawarathna indian -100ml,2.83
Nittambuwa,Nawarathna indian -200ml,1.96
Nittambuwa,Nawarathna indian -50ml,1.96
Nittambuwa,Neck pepar,126.66
Nittambuwa,Pack brush L  - 300,1.67
Nittambuwa,Pocket tishu,5.58
Nittambuwa,RDL baby face 3 -1200,1.19
Nittambuwa,Sariayu powder - 950,4.06
Nittambuwa,Section clip crocodile t&g -450,9.19
Nittambuwa,Singer oil,13.28
Nittambuwa,Tail comb t&g,13.7
Nittambuwa,Tail comb-120,2.17
Nittambuwa,Tishu - 140,177.64
Nittambuwa,Touch up - 650,7.78
Nittambuwa,Treding trade - 250,9.52
Nittambuwa,Treet blade-1100,6210.85
Nittambuwa,Treet blue blade,6482.06
Nittambuwa,VGR hair trimmer v- 127,2.16
Nittambuwa,Vatika hair oil -1200,1.42
Nittambuwa,Velvet lip gloss - 650,1.0
Nittambuwa,Vi- john shaving cream -420,13.51
Nittambuwa,Wahll clip  01 -220,8.21
Nittambuwa,ads eyebrow powder&gel -1600,2.0733333333333333
Nittambuwa,ads gel eye liner - 800,4.99
Nittambuwa,ads kajal pen-250,3.17
Nittambuwa,affro comb- 140,1.01
Nittambuwa,aichum beauty beard oil - 750,1.0
Nittambuwa,amins hena box -650,9.06
Nittambuwa,amins hena loos -150,19.83
Nittambuwa,amrin bayrum (L),1.05
Nittambuwa,amrin godapara shampo,2.3133333333333335
Nittambuwa,amrin godapora 2 in 1shampo,1.0
Nittambuwa,amrin nail remove,6.75
Nittambuwa,amrin rose cologin,2.04
Nittambuwa,any lady glow highliter - 650,1.14
Nittambuwa,anylady  make up set - 1100,2.638571428571429
Nittambuwa,argan oil conditioner-1500,0.0
Nittambuwa,back comb-120,2.6
Nittambuwa,banana powder -600,2.4859999999999998
Nittambuwa,banjaras face pack - 450,7.2
Nittambuwa,bath sponge L -300,1.58
Nittambuwa,bath sponge ball - 350,1.01
Nittambuwa,beauty girl make up brush  -420,1.8066666666666666
Nittambuwa,bellose 5 min women 1.0,58.28
Nittambuwa,bellose 5min men 2.0(s),5.79
Nittambuwa,bellose 5min wemon 2.0,43.61
Nittambuwa,bellose bayrum,21.77
Nittambuwa,bellose black 1.0 (s),3.91
Nittambuwa,bellose black 2.0 (s),2.13
Nittambuwa,bellose black 3.0 (s),1.02
Nittambuwa,bellose black 4.0,3.1
Nittambuwa,bellose colour pack 2.0,2.08
Nittambuwa,bellose conditioner 500ml,3.89
Nittambuwa,bellose developer  500ml 12%,4.33
Nittambuwa,bellose developer - 6%,12.27
Nittambuwa,bellose developer -12%,9.88
Nittambuwa,bellose developer 1l 12%,1.66
Nittambuwa,bellose developer 1l 6%,5.9
Nittambuwa,bellose developer 500ml 6%,6.55
Nittambuwa,bellose dio L,4.15
Nittambuwa,bellose dio S,1.07
Nittambuwa,bellose fashion colour 30ml -550,2.56
Nittambuwa,bellose fation colour-1450,6.57
Nittambuwa,bellose hair spray,1.74
Nittambuwa,bellose keratin brazilian hair treatment,2.81
Nittambuwa,bellose keratin conditioner 1L,4.08
Nittambuwa,bellose keratin shampo pouch,4.8
Nittambuwa,bellose leave -on conditioner (L),1.03
Nittambuwa,bellose leave -on conditioner (S),1.0
Nittambuwa,bellose perfect curl shampo,1.05
Nittambuwa,bellose shampo 1l,4.88
Nittambuwa,bellose shampo 500ml,5.02
Nittambuwa,bellose silicone (M),4.065
Nittambuwa,bellose silicone (S),6.45
Nittambuwa,bellose smooth conditioner pouch,4.41
Nittambuwa,bellose straight 2 pack,26.17
Nittambuwa,best powder- 450,24.16
Nittambuwa,bio glow scrub,2.26
Nittambuwa,black night shaving form-1200,14.46
Nittambuwa,bohua hair brush - 420,1.04
Nittambuwa,bridal set -7000,1.54
Nittambuwa,c - 1000 tablat-1700,2.31
Nittambuwa,caroton face cream tub.s,5.12
Nittambuwa,cesser  danial  - 1600,1.366666666666667
Nittambuwa,cesser danial - 2000,1.5721821789321795
Nittambuwa,chandanalepa scrub s,1.03
Nittambuwa,charly powder- 400,3.37
Nittambuwa,cleaning sponch-20,6.87
Nittambuwa,cobra mehandi henna bag - 650,1.8634642857142858
Nittambuwa,colour cap - 300,8.11
Nittambuwa,colour cap lether-  600,7.49
Nittambuwa,colour nail set-200,2.5023333333333335
Nittambuwa,comb with handle t&g -120,1.0
Nittambuwa,cotton  - 420,8.79
Nittambuwa,cotton ball(200)- 400,3.66
Nittambuwa,cotton boll (100) -250,1.23
Nittambuwa,cotton bud- 80,1.95
Nittambuwa,cotton wool-530,4.65
Nittambuwa,crap normal -350,29.85
Nittambuwa,cutical cream - 700,4.11
Nittambuwa,cutting comb - 100,0.0
Nittambuwa,cutting comb -70,6.86
Nittambuwa,cutting comb ash-120,5.72
Nittambuwa,cutting comb t&g L -150,5.87
Nittambuwa,derma pro  deep cleansing milk,10.63
Nittambuwa,derma pro blackhead & whiting remove,3.1525833333333333
Nittambuwa,derma pro charcola face mask - 770,3.52
Nittambuwa,derma pro face wash,5.7
Nittambuwa,derma pro facemask orang,6.2
Nittambuwa,derma pro massange cream,7.66
Nittambuwa,derma pro pimple powder,1.02
Nittambuwa,derma pro rose water,1.445
Nittambuwa,derma pro scrub,12.03
Nittambuwa,derma pro scurbing gel,3.41
Nittambuwa,derma pro toner,9.23
Nittambuwa,derma pro vit e cream,3.06
Nittambuwa,dexe hair building fiber -1500,1.6
Nittambuwa,dianyi  wooden roller brush -650,2.96
Nittambuwa,diy ball -180,1.95
Nittambuwa,diy bowl- 150,11.26
Nittambuwa,diy brush with comb S - 80,12.17
Nittambuwa,diy brush-120,3.61
Nittambuwa,diy cup set -550,2.0258333333333334
Nittambuwa,do do girl blaser - 500,2.93
Nittambuwa,do do girl concealer,1.0
Nittambuwa,dr.davey snail white body lotion - 1200,1.025
Nittambuwa,dr.rashel 8in1 gold serum,1.045
Nittambuwa,dr.rashel alo gel tub-950,1.67
Nittambuwa,dr.rashel body lotion,5.6
Nittambuwa,dr.rashel face wash -1100,1.09
Nittambuwa,dr.rashel sun block,2.115666666666667
Nittambuwa,dr.rashel vit c day cream,3.14
Nittambuwa,dr.rashel vit c face serum,2.8
Nittambuwa,dr.rashel vit c night cream,1.16
Nittambuwa,dr.rashel vit c smoothing gel-1000,2.85
Nittambuwa,dr.rashel whiting  night cream,2.0
Nittambuwa,dr.rashel whiting day cream,1.42
Nittambuwa,dr.rashel whiting face serum,2.04
Nittambuwa,dreamron 5 mint salon pack 2.0,3.12
Nittambuwa,dreamron 5 minu hair colour 1.0,6.15
Nittambuwa,dreamron 5 minu hair colour 2.0,6.14
Nittambuwa,dreamron 5min 2.0cream,1.0
Nittambuwa,dreamron amla conditioner (L),1.12
Nittambuwa,dreamron amla shampo L,1.1066666666666665
Nittambuwa,dreamron amonia free 1.0,4.61
Nittambuwa,dreamron amonia free colour 2.0,1.3
Nittambuwa,dreamron black 2.0 (s),1.01
Nittambuwa,dreamron black 3.0(s),1.01
Nittambuwa,dreamron conditioner .1l,4.24
Nittambuwa,dreamron deo L,6.05
Nittambuwa,dreamron deo S,3.31
Nittambuwa,dreamron developer  -12%,8.87
Nittambuwa,dreamron developer -6%,20.15
Nittambuwa,dreamron developer -9%,1.12
Nittambuwa,dreamron developer 1l 12%,1.48
Nittambuwa,dreamron developer 450ml 6%,2.868333333333333
Nittambuwa,dreamron eco colour,2.26
Nittambuwa,dreamron emulsion,1.16
Nittambuwa,dreamron hair maskara,1.97
Nittambuwa,dreamron hand wash,1.0
Nittambuwa,dreamron henna powder -150g,1.1
Nittambuwa,dreamron henna powder packet - 50g,3.59
Nittambuwa,dreamron leave on conditioner L,2.66
Nittambuwa,dreamron massage tonic,4.92
Nittambuwa,dreamron shampo 1l,1.53
Nittambuwa,dreamron straight pack,34.25
Nittambuwa,dulhan maskara- 200,2.64
Nittambuwa,dust brush -450,1.17
Nittambuwa,emary board - 130,5.2
Nittambuwa,end paper-   250,2.16
Nittambuwa,epran -380,6.76
Nittambuwa,epran normal -350,2.0
Nittambuwa,epron-400,4.76
Nittambuwa,eskinol lemon,1.1291666666666667
Nittambuwa,evon black colour pack 3.0,1.05
Nittambuwa,evon black pack 1.0,4.34
Nittambuwa,evon black pack 2.0,1.2
Nittambuwa,evon bleaching powder,24.45
Nittambuwa,evon cucumber cleanser,11.11
Nittambuwa,evon cucumber face wash,2.6
Nittambuwa,evon cucumber scrub,10.36
Nittambuwa,evon cucumber toner,2.57
Nittambuwa,evon developer (L),1.04
Nittambuwa,evon facial cleanser,1.3
Nittambuwa,evon facial scrub,1.44
Nittambuwa,evon fashion colour -1250,12.38
Nittambuwa,evon hair tonic,6.5
Nittambuwa,evon moisturizer,2.0
Nittambuwa,evon normal / dry pack,2.75
Nittambuwa,evon oily pack,1.03
Nittambuwa,evon orange clenser. L,3.17
Nittambuwa,evon rose toner,11.46
Nittambuwa,evon strait pack,7.39
Nittambuwa,evon strawberry  scrub.L,2.51
Nittambuwa,evon vitamin c cleanser,13.44
Nittambuwa,eye & lip liner  pencile-120,1.0
Nittambuwa,eye brow brush- 150,1.83
Nittambuwa,eye brow pencil - 150,3.28
Nittambuwa,eye brow pencil-180,7.87
Nittambuwa,eye lash 3D -230,24.57
Nittambuwa,eye lash 3D-300,15.52
Nittambuwa,eye lash glue - 120,1.01
Nittambuwa,eye lash glue birthday-250,10.93
Nittambuwa,eye lash glue-180,2.13
Nittambuwa,eye liner kajal-120,1.78
Nittambuwa,eye pad-300,13.82
Nittambuwa,ezflow acrylic/brush cleancer & remover-800,1.11
Nittambuwa,fa dio .L - 680,1.54
Nittambuwa,facial sponch -100,1.0
Nittambuwa,facial sponch -80,7.56
Nittambuwa,facial sponch scrub double - 160,3.37
Nittambuwa,fem gold-8,1.06
Nittambuwa,fem saffron -3 use,1.03
Nittambuwa,fit me contour stick- 500,3.36
Nittambuwa,fogg body spray  S -550,1.0
Nittambuwa,foil paper- 500,6.64
Nittambuwa,foot file  - 280,2.99
Nittambuwa,foot file wooding - 300,1.2683333333333335
Nittambuwa,fresh & white cream,11.94
Nittambuwa,frozen collegen,1.92
Nittambuwa,geemy hair iron 2819 - 2500,3.011999999999999
Nittambuwa,gloves  platick- 10,6.96
Nittambuwa,gloves white lose,28.14
Nittambuwa,good look styling gel,1.77
Nittambuwa,goree beauty cream,2.31
Nittambuwa,hair driyer mac- 6685,1.5988333333333333
Nittambuwa,hair grips .l loss,33.52
Nittambuwa,hair grips .s box-700,3.78
Nittambuwa,hair grips-5 loss,52.85
Nittambuwa,hair iron mac- 2028,4.05
Nittambuwa,hair net .L loss,9.52
Nittambuwa,hair pin 2 loss -100,11.02
Nittambuwa,hair pin 3 box,6.95
Nittambuwa,hair pin 3 loss,18.74
Nittambuwa,hair pin american-3 loss,3.6
Nittambuwa,hand mirrer- 1000,1.5721821789321795
Nittambuwa,handle comb L -150,3.94
Nittambuwa,handle comb t&g  white colour -140,1.155
Nittambuwa,haokali facial mask tissu-220,4.21
Nittambuwa,head band - 180,13.28
Nittambuwa,himalaya face wash -770,1.03
Nittambuwa,hopes massage tonic-330,22.5
Nittambuwa,hopes shaving gel - 450,15.97
Nittambuwa,hopes shaving gel L -850,3.3
Nittambuwa,huda beauty  2 in 1eye liner - 320,3.85
Nittambuwa,huda beauty Eye lash glue -150,1.97
Nittambuwa,huda beauty compack powder - 600,1.96
Nittambuwa,huda beauty eye lash - 120,10.49
Nittambuwa,huda beauty fixer - 1900,2.91
Nittambuwa,huda vioji  eye shadow-650,3.1633333333333336
Nittambuwa,hudaviojin eye shadow 8 colour-900,1.4789999999999999
Nittambuwa,invisible pin-180,2.86
Nittambuwa,jaguar  cesser silver/purple/blue/lum-1550,4.192
Nittambuwa,jaguar cesser colour  -1600,2.5641666666666665
Nittambuwa,jaguar cesser colour  -2200,2.217142857142857
Nittambuwa,jaguar cesser lumins  -1600,4.2
Nittambuwa,"jaguar cesser riham    -2000(7' 6.5"")",3.79
Nittambuwa,jagur cesser  BMI - 1350,3.42
Nittambuwa,jagur trimp cesser(riham) -2000,1.0531587301587302
Nittambuwa,jambo comb .L,9.24
Nittambuwa,jambo comb S-100,1.92
Nittambuwa,janet  powder - 1200,3.53
Nittambuwa,janet bb cream L -995,1.365
Nittambuwa,janet orange dio (L),2.055
Nittambuwa,jovees   massange cream wheatgrm vi e-2110,3.27
Nittambuwa,jovees 24k good facial kit  s -5940,1.52
Nittambuwa,jovees apricot &  almond scrub - 1430,4.22
Nittambuwa,jovees citrus cleansing milk,4.58
Nittambuwa,jovees glow pack  - 2320,2.42
Nittambuwa,jovees grape face wash -1925,1.3933333333333335
Nittambuwa,jovees jojoba &  neem scrub,1.5968333333333333
Nittambuwa,jovees neem f/w -1790,2.93
Nittambuwa,jovees papaya & honey mud scrub - 1920,2.8
Nittambuwa,jovees papaya f/w -2020,1.39
Nittambuwa,jovees strawberry f/w -1765,2.783333333333333
Nittambuwa,jovees suncover spf30 - 1580,1.4
Nittambuwa,kaiws black,8.26
Nittambuwa,kaiws colour,17.89
Nittambuwa,kajal blue heven-150,6.42
Nittambuwa,kejo cold wax.s,3.51
Nittambuwa,kejo hot wax.s,2.12
Nittambuwa,kejo wax cold L,6.25
Nittambuwa,kejo wax hot L,8.84
Nittambuwa,keune black  1,5.07
Nittambuwa,keune black 3,4.33
Nittambuwa,keune developer -6%,9.19
Nittambuwa,keune straight cream(85ml),12.42
Nittambuwa,kiko milani foundtion -350,2.794666666666667
Nittambuwa,kiss touch make up set S - 750,3.0
Nittambuwa,kojic body lotion - 1400,1.2533333333333332
Nittambuwa,kojie acide sun soap - 850,1.435
Nittambuwa,kosmik translotion powder-1600,1.63
Nittambuwa,krish powder-320,9.22
Nittambuwa,krylon pan cake  no.02 -1600,11.34
Nittambuwa,kryolan pan cake no 1 -6300 (chin),1.29
Nittambuwa,kryolan stick no 2-1600,9.17
Nittambuwa,la fresh cleansing cream,1.58
Nittambuwa,la fresh foot  massange scrub -1500,1.7525429292929289
Nittambuwa,la fresh gold scrub,5.63
Nittambuwa,la fresh hair mouse-1200,6.7
Nittambuwa,la fresh hair spray-1200,3.37
Nittambuwa,la fresh massange cream - 1800,3.78
Nittambuwa,la fresh saffron face mask - 1700,2.68
Nittambuwa,la girl pro conceler - 600,1.05
Nittambuwa,lady rezer - 100,2.01
Nittambuwa,lakme kajal- 350,9.02
Nittambuwa,lanis colour,7.67
Nittambuwa,laniss black2.0,104.2
Nittambuwa,lareen eye shadow 30 colour - 1800,1.2083333333333333
Nittambuwa,lemon crystal jelly mask - 1400,1.63
Nittambuwa,link  hair care cool,8.96
Nittambuwa,lip brush set - 250,1.01
Nittambuwa,lip gloss  -400,3.36
Nittambuwa,lip gloss - 650,1.93
Nittambuwa,lip gloss -420,6.42
Nittambuwa,lip gloss-350,6.37
Nittambuwa,lip gloss-450,2.11
Nittambuwa,lip liner  & eye- 140,6.0
Nittambuwa,lip liner - 180,22.91
Nittambuwa,lip liner pencil-120,2.03
Nittambuwa,lip liner pencile-150,1.2933333333333332
Nittambuwa,lipstic alo -220,1.2725
Nittambuwa,lipstick -300,2.97
Nittambuwa,lipstick-220,22.3
Nittambuwa,lipstick-350,4.53
Nittambuwa,lipstis pen -250,2.27
Nittambuwa,loreal  colour protection shampo -2500,1.5
Nittambuwa,loreal colour protectuin  conditioner -2500,2.31
Nittambuwa,loreal damage hair conditioner  - 2500,2.52
Nittambuwa,loreal damage hair shampo - 2200,1.62
Nittambuwa,mac compack powder  -950,3.09
Nittambuwa,mac crimper iron- 5501,2.04
Nittambuwa,mac eye lash-100,28.52
Nittambuwa,mac fixer spray- 1400,3.87
Nittambuwa,mac liqued fix  foundation -1200,11.02
Nittambuwa,mac primer -1200,5.24
Nittambuwa,mac primer-1400,2.141
Nittambuwa,machine comb-120,5.33
Nittambuwa,magick lipstick alo - 180,5.27
Nittambuwa,magick sponch,36.28
Nittambuwa,make up brush (powder)-200,2.07
Nittambuwa,make up brush set -500,2.23
Nittambuwa,make up brush set -750,1.16
Nittambuwa,make up brush set mac-2500(24 pec),1.01
Nittambuwa,make up brush set mac-2900,3.7161904761904765
Nittambuwa,make up brush(powder) -150,1.63
Nittambuwa,make up sponch 4,1.31
Nittambuwa,mifi pancack-850,1.28
Nittambuwa,minister liquid eye shadow - 500,4.7
Nittambuwa,miss rose compact powder- 600,4.2
Nittambuwa,miss rose consuler stick - 750,1.45
Nittambuwa,miss rose eye liner pen- 400,9.72
Nittambuwa,miss rose lipts pen -320,1.13
Nittambuwa,miss rose maskara-500,4.92
Nittambuwa,my beauty  sponch packet - 300,1.9640000000000004
Nittambuwa,nail art brush set - 650,4.9
Nittambuwa,nail art dotting tool - 550,1.16
Nittambuwa,nail art sticker - 150,1.2471666666666668
Nittambuwa,nail brush L -150,3.24
Nittambuwa,nail buffer 160,2.75
Nittambuwa,nail cutter - 200,2.45
Nittambuwa,nail cutter -120,1.01
Nittambuwa,nail cutter-150,1.0
Nittambuwa,nail file - 280,2.03
Nittambuwa,nail glue - 200,10.86
Nittambuwa,nail pusher steel- 280,1.0
Nittambuwa,nail set  transprant- 350,6.22
Nittambuwa,nail set foot  toe - 80,1.36
Nittambuwa,nail set loose,1.04
Nittambuwa,nail set off white box- 350,6.82
Nittambuwa,nail set white  -350,1.005
Nittambuwa,nail tissue -120,1.93
Nittambuwa,nanny shaving gel,8.94
Nittambuwa,neck tray -  500,1.28
Nittambuwa,newey safty pin no 4 - 150,6.31
Nittambuwa,newsis cool cream - 400,1.4782367150823035
Nittambuwa,newsis shaving gel- 450,13.38
Nittambuwa,newsis shaving gel.L,4.35
Nittambuwa,nivea lip blam - 400,2.405634920634921
Nittambuwa,nova gold hair spray-850,1.17
Nittambuwa,nova hair diyer -9026/9008/9103,1.7
Nittambuwa,olay day & night cream- 1800,1.32
Nittambuwa,olive 2in1 shampo L,4.9
Nittambuwa,olive condiotioner S -620,1.03
Nittambuwa,olive shampoo (L),2.0175
Nittambuwa,olive shampoo (S) - 550,1.0
Nittambuwa,onelsa cold wax.S,1.49
Nittambuwa,onelsa hot wax.s,2.726666666666667
Nittambuwa,onelsa nail remove .s,6.53
Nittambuwa,onelsa nail remove.L,1.82
Nittambuwa,orange stick loose - 80,4.76
Nittambuwa,orange stick packet- 300,1.163166666666667
Nittambuwa,ordinary -2300,1.09
Nittambuwa,pack brush  -200,8.06
Nittambuwa,pack brush with spaculer -250,1.08
Nittambuwa,pack brush- 180,6.22
Nittambuwa,paime cream,1.03
Nittambuwa,papaya soap L -500,2.59
Nittambuwa,pedique blde -300,1.8
Nittambuwa,pencle cutter - 80,2.76
Nittambuwa,peumin stone - 150,1.05
Nittambuwa,point cesser liangyu - 120,1.0
Nittambuwa,ponds bb cream (s),3.12
Nittambuwa,ponds bright beauty  cream - 650,1.0
Nittambuwa,powder brush - 450,3.62
Nittambuwa,powder brush -200,1.0
Nittambuwa,powder puff-120,2.18
Nittambuwa,pro wax heater- 2200,1.79
Nittambuwa,qtes - 220,4.05
Nittambuwa,qtex  - 350,15.7
Nittambuwa,qtex  -280,2.54
Nittambuwa,qtex - 130,33.27
Nittambuwa,qtex - 300,5.25
Nittambuwa,qtex - 370,5.99
Nittambuwa,qtex 250,5.17
Nittambuwa,qtex-150,12.68
Nittambuwa,ravan black hena powder bottle -170,1.91
Nittambuwa,ravan shampo pkt-240,5.53
Nittambuwa,ringe point  cesser -150,4.57
Nittambuwa,rk blade,3947.8
Nittambuwa,rods 7 - 500,1.08
Nittambuwa,rods 8 - 280,8.84
Nittambuwa,rods 9 - 300,1.09
Nittambuwa,roller brush  jiu nua -300,3.26
Nittambuwa,roller brush aishu -380,6.09
Nittambuwa,roller brush black & white -450,2.07
Nittambuwa,roller brush laimei  - 300,2.0100000000000002
Nittambuwa,roller brush nano L -1800,1.46
Nittambuwa,roller brush nano M -1550,1.15
Nittambuwa,roller brush nano S - 1100,1.37
Nittambuwa,roller brush nano S - 1300,4.05
Nittambuwa,romantic colour eye shadow 12 colo-600,1.4084563492063489
Nittambuwa,romantick bird eye liner - 350,3.02
Nittambuwa,rose water (L),1.03
Nittambuwa,rose water (M),1.0
Nittambuwa,rose water l-180,2.49
Nittambuwa,roushan alo gel cone  - 800,2.92
Nittambuwa,roushan alo gel cone (s) - 550,6.5
Nittambuwa,roushan alo gel tub - 800,3.84
Nittambuwa,roushan body lotion - 1100,1.12
Nittambuwa,roushan olive oil hair treatment - 1500,3.46125
Nittambuwa,roushun hand & body lotion - 1200,1.865404677022324
Nittambuwa,ruber band,5.42
Nittambuwa,s oil 5ml,2.1
Nittambuwa,s oil-10ml,3.01
Nittambuwa,section clip - 280,1.45
Nittambuwa,section clip butter fly - 500,1.43
Nittambuwa,section clip normal  -400,1.4336666666666666
Nittambuwa,section clip normal  -450,8.96
Nittambuwa,section clip t & g - 400,4.22
Nittambuwa,sent-1200,4.86
Nittambuwa,shaving brush-300,1.9815
Nittambuwa,shaving brush-350,4.71
Nittambuwa,shaving razer  taiwan/wahl- 850,1.06
Nittambuwa,shaving razer delco -520,1.17
Nittambuwa,shaving razer lover - 420,3.61
Nittambuwa,shaving razer minc  - 550,2.19
Nittambuwa,shello alo gel cone L,1.15
Nittambuwa,shello alo moisturising  gel cone S -660,1.08
Nittambuwa,shello conditioner 1 L,1.0777142857142856
Nittambuwa,shello conditioner S  -680,2.07
Nittambuwa,shello fairness body lotion S,1.99
Nittambuwa,shello shampo 1L,1.16
Nittambuwa,shimona  dio - 600,2.5275
Nittambuwa,shower cap- 160,10.4
Nittambuwa,skin light-1200,1.99
Nittambuwa,spaculer-6,15.72
Nittambuwa,spidle rod .s-400,1.21
Nittambuwa,spiral roads - 650,2.26
Nittambuwa,spray bottle  - 200,1.84
Nittambuwa,spray bottle - 350,1.2883333333333333
Nittambuwa,style comb - 100,1.0
Nittambuwa,style dummy - 4500,2.37
Nittambuwa,style dummy - 5000,1.16
Nittambuwa,sun safty pin box no 1 - 1500,4.4
Nittambuwa,sun safty pin loos no.1 -50,42.5
Nittambuwa,super inter iron,2.0
Nittambuwa,surgical cap - 10,5.45
Nittambuwa,surgical cap -20,5.57
Nittambuwa,suryamukhi multani face pack - 280,14.62
Nittambuwa,terminator comb-180,1.0
Nittambuwa,tinkle raser - 140,8.77
Nittambuwa,tinkle raser- 120,18.1
Nittambuwa,tishu box mint -350,1.45
Nittambuwa,toe separeter set- 120,2.02
Nittambuwa,towel - 450,11.13
Nittambuwa,towel-400,24.58
Nittambuwa,treet blade-1150,2114.4
Nittambuwa,tresemme keratin  shampo -2400,1.4785714285714286
Nittambuwa,tresemme keratin & repair conditioner -1800,1.14
Nittambuwa,true tone,1.33
Nittambuwa,tweser  gold -150,4.76
Nittambuwa,twesser silver - 80,6.63
Nittambuwa,usha pressed powder - 850,2.2323333333333335
Nittambuwa,vaselin  body lotin -1550,1.09
Nittambuwa,vaselin keratin hand cream - 1200,1.54
Nittambuwa,vaseline body lotion S - 500,4.72
Nittambuwa,vaseline lip bam-250,5.96
Nittambuwa,vatika  shampo.L -1550,1.31
Nittambuwa,veet hair remover cream-950,1.0
Nittambuwa,velvet body lotion,1.14
Nittambuwa,vepa roller brush (wood) - 450,5.27
Nittambuwa,vi-john saffran  cream,2.54
Nittambuwa,vi-john turmeric cream - 320,1.01
Nittambuwa,vicco turmeric skin cream  L - 950,1.9
Nittambuwa,vidya blad,502.88
Nittambuwa,viyana blusher,4.83
Nittambuwa,viyana compac powder-1290,10.21
Nittambuwa,viyana concealer,1.99
Nittambuwa,viyana lengthening   maskara,1.22
Nittambuwa,viyana liquid foundation,1.04
Nittambuwa,viyana qtes - 475,6.85
Nittambuwa,viyana qtex,4.67
Nittambuwa,viyana volum maskara - 1595,1.28
Nittambuwa,wahl machine cliper- 5000,1.95
Nittambuwa,wahl machine super taper-21000,3.65
Nittambuwa,wahll clip 02 - 220,3.64
Nittambuwa,wahll clip no 3 -220,1.08
Nittambuwa,wahll clip no 4 - 220,1.06
Nittambuwa,wax bean pkt-450,2.13
Nittambuwa,wax strip - 450,1.18
Nittambuwa,wax strips mbc-320,9.24
Nittambuwa,wet tishu S -160,1.71
Nittambuwa,white secret face cream - 1700,1.34
Nittambuwa,wild olive black,2.1146666666666665
Nittambuwa,wild olive colour - 950,8.02
Nittambuwa,wokali black/gold mask - 1000,1.3
Nittambuwa,wokali gold mask- 750,1.0
Nittambuwa,wokali wax,17.32
Nittambuwa,y.anti manicure set  card -550,1.14
Nittambuwa,yc gold face wash-950,5.4
